{
  "Routes": [
    {
      "DownstreamPathTemplate": "/api/Values",
      "DownstreamScheme": "http",
      "DownstreamHostAndPorts": [
        {
          "Host": "host.docker.internal",
          "Port": 5001
        }
      ],
      "UpstreamPathTemplate": "/values",
      "UpstreamHttpMethod": [ "GET", "POST", "PUT", "DELETE" ],
      "Swaggerkey": "values"
    },
    {
      "DownstreamPathTemplate": "/api/surveys",
      "DownstreamScheme": "https",
      "DownstreamHostAndPorts": [
        {
          "Host": "q1-survey-service.herokuapp.com",
          "Port": 443
        }
      ],
      "UpstreamPathTemplate": "/surveys",
      "UpstreamHttpMethod": [ "GET", "POST" ],
      "Swaggerkey": "surveys"
    },
    {
      "DownstreamPathTemplate": "/api/surveys/{survey}",
      "DownstreamScheme": "https",
      "DownstreamHostAndPorts": [
        {
          "Host": "q1-survey-service.herokuapp.com",
          "Port": 443
        }
      ],
      "UpstreamPathTemplate": "/surveys/{survey}",
      "UpstreamHttpMethod": [ "GET", "PATCH", "DELETE" ],
      "Swaggerkey": "surveys"
    },
    {
      "DownstreamPathTemplate": "/api/surveys/{id}/responses",
      "DownstreamScheme": "https",
      "DownstreamHostAndPorts": [
        {
          "Host": "q1-survey-service.herokuapp.com",
          "Port": 443
        }
      ],
      "UpstreamPathTemplate": "/surveys/{id}/responses",
      "UpstreamHttpMethod": [ "GET" ],
      "Swaggerkey": "surveys"
    },
    {
      "DownstreamPathTemplate": "/api/responses",
      "DownstreamScheme": "https",
      "DownstreamHostAndPorts": [
        {
          "Host": "q1-survey-service.herokuapp.com",
          "Port": 443
        }
      ],
      "UpstreamPathTemplate": "/responses",
      "UpstreamHttpMethod": [ "GET" ],
      "Swaggerkey": "surveys"
    },
    {
      "DownstreamPathTemplate": "/api/responses/{id}",
      "DownstreamScheme": "https",
      "DownstreamHostAndPorts": [
        {
          "Host": "q1-survey-service.herokuapp.com",
          "Port": 443
        }
      ],
      "UpstreamPathTemplate": "/responses/{id}",
      "UpstreamHttpMethod": [ "GET", "DELETE" ],
      "Swaggerkey": "surveys"
    },
    {
      "DownstreamPathTemplate": "/api/responses/{survey}",
      "DownstreamScheme": "https",
      "DownstreamHostAndPorts": [
        {
          "Host": "q1-survey-service.herokuapp.com",
          "Port": 443
        }
      ],
      "UpstreamPathTemplate": "/responses/{survey}",
      "UpstreamHttpMethod": [ "POST" ],
      "Swaggerkey": "surveys"
    },
    {
      "DownstreamPathTemplate": "/email/send",
      "DownstreamScheme": "https",
      "DownstreamHostAndPorts": [
        {
          "Host": "emailservicegroup2.azurewebsites.net",
          "Port": 443
        }
      ],
      "UpstreamPathTemplate": "/email/send",
      "UpstreamHttpMethod": [ "POST" ]
    },
    {
      "DownstreamPathTemplate": "/email/preview",
      "DownstreamScheme": "https",
      "DownstreamHostAndPorts": [
        {
          "Host": "emailservicegroup2.azurewebsites.net",
          "Port": 443
        }
      ],
      "UpstreamPathTemplate": "/email/preview",
      "UpstreamHttpMethod": [ "GET" ]
    },
    {
      "DownstreamPathTemplate": "/email/preview/{path}",
      "DownstreamScheme": "https",
      "DownstreamHostAndPorts": [
        {
          "Host": "emailservicegroup2.azurewebsites.net",
          "Port": 443
        }
      ],
      "UpstreamPathTemplate": "/email/preview/{path}",
      "UpstreamHttpMethod": [ "GET" ]
    },
    {
      "DownstreamPathTemplate": "/api/OneTimeAccess/GetNew",
      "DownstreamScheme": "http",
      "DownstreamHostAndPorts": [
        {
          "Host": "host.docker.internal",
          "Port": 8361
        }
      ],
      "UpstreamPathTemplate": "/OneTimeAccess/GetNew",
      "UpstreamHttpMethod": [ "GET" ],
      "Swaggerkey": "tokens"
    },
    {
      "DownstreamPathTemplate": "/api/OneTimeAccess/Verify",
      "DownstreamScheme": "http",
      "DownstreamHostAndPorts": [
        {
          "Host": "host.docker.internal",
          "Port": 8361
        }
      ],
      "UpstreamPathTemplate": "/OneTimeAccess/Verify",
      "UpstreamHttpMethod": [ "POST" ],
      "Swaggerkey": "tokens"
    }
  ],

  "SwaggerEndPoints": [
    {
      "Key": "surveys",
      "Config": [
        {
          "Name": "surveys API",
          "Version": "v1",
          "Url": "https://q1-survey-service.herokuapp.com/api/docs/swagger.json"
        }
      ]
    },
    {
      "Key": "tokens",
      "Config": [
        {
          "Name": "tokens API",
          "Version": "v1",
          "Url": "http://host.docker.internal:8361/swagger/v1/swagger.json"
        }
      ]
    }
  ],
    "GlobalConfiguration": {
        "BaseUrl": "https://localhost:5000"
    }
}